a_vel X,a_vel Y,a_vel Z,t
0.018576448783278465,0.10312735289335251,5.34866189956665,0
0.9653762578964233,-0.47513651847839355,-0.14640051126480103,1
