l_vel X,l_vel Y,l_vel Z,t
-0.6927252411842346,-0.5450772047042847,-0.032747216522693634,0
0.0008454645285382867,-0.009211105294525623,0.08638367801904678,1
