moment X,moment Y,moment Z,t
0.0010742059675976634,-0.0005027198931202292,-0.00025972523144446313,0
0.00037939302274025977,-0.0005060902331024408,0.0008739482145756483,1
