pos X,pos Y,pos Z,t
0.0,0.0,1.0,0
1.4172770534059964e-05,-0.00013432811829261482,1.0012956857681274,1
