T1_change,T2_change,T3_change,T4_change,t
0.10540095716714859,0.07804232090711594,0.11545535176992416,0.09952644258737564,0
-0.057212043553590775,0.044242583215236664,-0.057144634425640106,0.030346326529979706,1
