total thrust f,t
0.38890883326530457,0
0.3672823905944824,1
0.3517714738845825,2
0.3724524974822998,3
0.3631070554256439,4
0.36491841077804565,5
0.35554707050323486,6
0.36064133048057556,7
0.36876899003982544,8
0.36784714460372925,9
0.35940948128700256,10
0.36876440048217773,11
0.367048978805542,12
