total thrust f,t
0.39842507243156433,0
0.3586573004722595,1
