wind vel X,wind vel Y,t
0.005699598230421543,-1.5239275693893433,0
0.020041773095726967,-1.495428204536438,1
