drag X,drag Y,drag Z,X_n,Y_n,Z_n,t
5.699598114006221e-05,-0.015239275060594082,-0.0,0.004854103550314903,0.001986751100048423,0.00021264982933644205,0
0.00021926620684098452,-0.01487276516854763,-0.0006480430020019412,-0.0008151269285008311,-0.017191443592309952,0.0028489837422966957,1
