wind vel X,wind vel Y,t
1.0026775598526,0.9954796433448792,0
0.9948945641517639,0.9913181066513062,1
1.0145635604858398,1.005732774734497,2
0.9877947568893433,1.0162298679351807,3
1.016018271446228,1.0164728164672852,4
1.002704381942749,1.0000253915786743,5
0.9802753329277039,0.9943121671676636,6
0.9943400025367737,0.9904086589813232,7
1.0012418031692505,0.9890356659889221,8
0.9982666373252869,1.0108835697174072,9
1.0018784999847412,1.0030385255813599,10
1.0013186931610107,1.0117803812026978,11
1.0009477138519287,0.9973865747451782,12
0.9867517948150635,0.9767172336578369,13
1.0046743154525757,1.0039817094802856,14
1.023042917251587,0.9859156012535095,15
0.9884940385818481,0.9999408721923828,16
1.0095949172973633,1.0117181539535522,17
0.9903303980827332,0.9937915205955505,18
0.9932993054389954,1.0161280632019043,19
1.0029215812683105,1.0045162439346313,20
1.0052074193954468,0.9941362142562866,21
0.9867746829986572,0.9979802966117859,22
0.9933602213859558,1.018375277519226,23
0.9940385222434998,0.9869863986968994,24
0.9983721375465393,0.998079776763916,25
0.984481930732727,1.0203783512115479,26
1.0208122730255127,0.9998943209648132,27
0.9935002326965332,1.00693941116333,28
0.9896298050880432,1.0041046142578125,29
1.012335181236267,0.9998316168785095,30
1.0092856884002686,1.0000452995300293,31
1.0126363039016724,1.0084469318389893,32
0.9967686533927917,1.0026133060455322,33
1.0005223751068115,0.9856778383255005,34
0.9939290285110474,1.003834843635559,35
0.9992008805274963,0.9998852610588074,36
0.9977909326553345,0.9996434450149536,37
1.0127149820327759,1.0196342468261719,38
0.986807644367218,0.989388108253479,39
0.995385468006134,1.0041834115982056,40
0.9983466267585754,1.0117465257644653,41
1.0067417621612549,0.9908718466758728,42
1.0129139423370361,1.0037130117416382,43
1.0090326070785522,1.0064783096313477,44
0.9952892661094666,1.0089311599731445,45
1.017117977142334,0.9931515455245972,46
0.9953101873397827,0.9910654425621033,47
1.0066227912902832,1.0022146701812744,48
0.9970474243164062,1.0008931159973145,49
0.998289942741394,1.0078356266021729,50
1.0178468227386475,1.0013765096664429,51
0.9920205473899841,0.983833909034729,52
0.9938434362411499,1.003127098083496,53
0.9907017946243286,0.9940354228019714,54
1.0059682130813599,0.983232855796814,55
0.9832596182823181,1.0013507604599,56
