total thrust f,t
0.38890883326530457,0
0.38909992575645447,1
0.37817221879959106,2
0.3869350254535675,3
0.3873355984687805,4
0.3978630006313324,5
0.3998936712741852,6
0.40745624899864197,7
0.4145801365375519,8
0.4049004912376404,9
0.3924817144870758,10
0.40190109610557556,11
0.394064724445343,12
