wind vel X,wind vel Y,t
0.00350485579110682,1.496108889579773,0
0.005872857291251421,1.5125519037246704,1
-0.006385636981576681,1.491560459136963,2
-0.0018523774342611432,1.489001989364624,3
0.0028707473538815975,1.5046453475952148,4
0.008556772023439407,1.4873111248016357,5
0.003223345847800374,1.5007538795471191,6
0.009916775859892368,1.4979089498519897,7
0.008541001006960869,1.5002537965774536,8
0.007323895115405321,1.4890611171722412,9
-0.01632196456193924,1.4971356391906738,10
0.016599109396338463,1.507621169090271,11
0.0013528168201446533,1.5004116296768188,12
0.023275284096598625,1.499184250831604,13
0.014442682266235352,1.4876713752746582,14
0.010316028259694576,1.503658652305603,15
-0.013573805801570415,1.5128589868545532,16
-0.0061145955696702,1.5038962364196777,17
6.180576019687578e-05,1.4959266185760498,18
-0.0009445135947316885,1.5025217533111572,19
-0.003969523124396801,1.4991639852523804,20
-0.020436644554138184,1.5043014287948608,21
-0.015134024433791637,1.505143165588379,22
0.0006477924762293696,1.493326187133789,23
-0.006324502639472485,1.492007851600647,24
-0.013335510157048702,1.502244472503662,25
0.011849910952150822,1.505822777748108,26
0.001096538151614368,1.5127098560333252,27
0.007481217849999666,1.50877845287323,28
-0.0033866947051137686,1.4950648546218872,29
0.0023010075092315674,1.5031951665878296,30
0.011989237740635872,1.4898948669433594,31
0.015325489453971386,1.5011664628982544,32
0.0056557548232376575,1.499954342842102,33
-0.004300590138882399,1.5085041522979736,34
0.007373336236923933,1.5019952058792114,35
-0.006734597962349653,1.4827630519866943,36
0.004852022975683212,1.4999498128890991,37
-0.0005303786019794643,1.5100129842758179,38
-0.003922787960618734,1.4940400123596191,39
-0.008291062898933887,1.4799728393554688,40
-0.002699874574318528,1.5085850954055786,41
0.005827802233397961,1.50220787525177,42
0.0018078440334647894,1.4858161211013794,43
0.011230790056288242,1.5087015628814697,44
0.0035994076170027256,1.5071358680725098,45
0.006372862495481968,1.478621482849121,46
0.00704624829813838,1.498773455619812,47
0.01038481667637825,1.525888442993164,48
-0.013962147757411003,1.4962964057922363,49
