wind vel X,wind vel Y,t
0.029344262555241585,1.4916479587554932,0
0.0038649956695735455,1.4901655912399292,1
-0.002667565830051899,1.507143259048462,2
-0.013578577898442745,1.5092560052871704,3
0.02483537420630455,1.490169644355774,4
-0.0020882501266896725,1.475473165512085,5
0.0011173621751368046,1.5024375915527344,6
-0.0009601707570254803,1.4993751049041748,7
-0.013705243356525898,1.5107617378234863,8
-0.006864609662443399,1.51473069190979,9
-0.0042880200780928135,1.4840933084487915,10
-0.01394773367792368,1.5022093057632446,11
0.011036666110157967,1.5103691816329956,12
-0.02181786485016346,1.5141637325286865,13
-0.0036523714661598206,1.4989770650863647,14
-0.005449981428682804,1.497005581855774,15
0.01169632188975811,1.499759316444397,16
0.0029274362605065107,1.5054503679275513,17
-0.007246594876050949,1.4846720695495605,18
0.009137151762843132,1.488863229751587,19
-0.003138352883979678,1.4976266622543335,20
0.007656131871044636,1.4969532489776611,21
0.0024216261226683855,1.5033611059188843,22
0.015822967514395714,1.5068750381469727,23
-0.006473133806139231,1.4840545654296875,24
0.009433629922568798,1.4896562099456787,25
-0.007461852859705687,1.4845420122146606,26
-0.008181625045835972,1.519554615020752,27
-0.0009261224186047912,1.4852243661880493,28
-0.010274972766637802,1.4879508018493652,29
0.017240887507796288,1.5122203826904297,30
-0.00801438931375742,1.508419156074524,31
0.007371538318693638,1.4961694478988647,32
-0.004900750238448381,1.4975569248199463,33
0.0026571638882160187,1.508253812789917,34
0.00653931125998497,1.4996429681777954,35
0.015523905865848064,1.5128014087677002,36
-0.01662234589457512,1.4897743463516235,37
0.01464312244206667,1.497920036315918,38
-0.004593221470713615,1.4986451864242554,39
-0.00666949013248086,1.4923555850982666,40
-0.013688743114471436,1.5049958229064941,41
0.0001187397210742347,1.502384066581726,42
0.024495495483279228,1.5063849687576294,43
-0.001303643686696887,1.4998747110366821,44
-0.008356111124157906,1.4941219091415405,45
-0.0013870294205844402,1.4924882650375366,46
0.00988429319113493,1.5160915851593018,47
0.017347270622849464,1.488972544670105,48
-0.006418317556381226,1.4926912784576416,49
0.007560280617326498,1.504820466041565,50
0.007848979905247688,1.4947359561920166,51
0.00407274579629302,1.515712022781372,52
0.00545616215094924,1.4998830556869507,53
0.02551712840795517,1.50114107131958,54
