total thrust f,t
0.19393274188041687,0
0.2127765715122223,1
0.2001902312040329,2
0.20252741873264313,3
0.25094524025917053,4
0.271937757730484,5
0.2898874580860138,6
0.3347424566745758,7
0.36347588896751404,8
0.38356855511665344,9
0.41130590438842773,10
