wind vel X,wind vel Y,t
0.03055526129901409,1.4907400608062744,0
-0.0009669141727499664,1.5048221349716187,1
-0.001971488120034337,1.5154974460601807,2
5.536069511435926e-05,1.4932268857955933,3
0.0007971834857016802,1.4852088689804077,4
0.011935073882341385,1.5184540748596191,5
-0.006609131582081318,1.5010229349136353,6
0.014592286199331284,1.4995977878570557,7
-0.00788450799882412,1.5156337022781372,8
-0.02758639119565487,1.4986827373504639,9
-0.006618751212954521,1.4950587749481201,10
