a_vel X,a_vel Y,a_vel Z,t
-0.5398218631744385,0.11351388692855835,5.205002307891846,0
1.13798189163208,-1.057456374168396,-0.0863482654094696,1
