l_vel X,l_vel Y,l_vel Z,t
0.11906155943870544,-0.7793854475021362,0.056564606726169586,0
0.008958698250353336,-0.0052010552026331425,0.07688415050506592,1
