moment X,moment Y,moment Z,t
0.0012453165836632252,-0.0010935744503512979,-0.00015252419689204544,0
-2.722971112234518e-05,0.00045335679897107184,0.0010077067418023944,1
