pos X,pos Y,pos Z,t
0.0,0.0,1.0,0
0.0001375808205921203,-7.364112389041111e-05,1.0011523962020874,1
