T1_change,T2_change,T3_change,T4_change,t
0.09165345877408981,0.07742568850517273,0.11352495104074478,0.10233202576637268,0
-0.038718950003385544,0.05522310733795166,-0.0696575790643692,0.02977217733860016,1
