total thrust f,t
0.3880463242530823,0
0.36285439133644104,1
0.3641113042831421,2
0.3653157353401184,3
0.35185742378234863,4
0.36088839173316956,5
0.3684123754501343,6
0.37058064341545105,7
0.3517927825450897,8
0.3425353467464447,9
0.375139981508255,10
