total thrust f,t
0.38493612408638,0
0.361554890871048,1
