wind vel X,wind vel Y,t
1.0035048723220825,-1.003891110420227,0
1.0058728456497192,-0.9874480366706848,1
0.9936143755912781,-1.008439540863037,2
0.9981476068496704,-1.010998010635376,3
1.002870798110962,-0.9953545928001404,4
1.0085567235946655,-1.0126888751983643,5
1.0032232999801636,-0.9992460608482361,6
1.0099167823791504,-1.0020910501480103,7
1.0085409879684448,-0.9997462034225464,8
1.0073238611221313,-1.0109388828277588,9
0.9836780428886414,-1.0028643608093262,10
