drag X,drag Y,drag Z,X_n,Y_n,Z_n,t
0.010070011019706726,-0.010025753639638424,-0.0,-0.0027850610204041004,0.0007809699745848775,-0.003944791853427887,0
0.009873954579234123,-0.009942131116986275,-0.0007529995637014508,0.014623912051320076,-0.009991804137825966,0.007829527370631695,1
