wind vel X,wind vel Y,t
1.0070011615753174,-1.002575397491455,0
0.9962664842605591,-0.9993799924850464,1
