wind vel X,wind vel Y,t
0.9856210947036743,-1.0007809400558472,0
1.0032304525375366,-1.00847589969635,1
1.004313349723816,-1.0076727867126465,2
0.999001145362854,-0.9920294284820557,3
0.9875540137290955,-0.9843503832817078,4
1.0107156038284302,-0.9815365076065063,5
0.9960578680038452,-1.0063396692276,6
1.0188922882080078,-1.000988245010376,7
1.0035475492477417,-0.9946820139884949,8
1.0049171447753906,-1.0007188320159912,9
0.9968907237052917,-0.9951133728027344,10
0.992864727973938,-1.004215121269226,11
1.017945647239685,-1.0152437686920166,12
0.9887279272079468,-0.9955015182495117,13
1.0038261413574219,-1.0058221817016602,14
1.0129119157791138,-0.9983553886413574,15
0.9901065230369568,-1.009894847869873,16
1.0129655599594116,-1.000010371208191,17
0.9985939860343933,-0.9882284998893738,18
0.9862497448921204,-0.9944883584976196,19
1.0134506225585938,-0.9964960217475891,20
0.9965103268623352,-1.0043821334838867,21
1.0086208581924438,-0.9884986281394958,22
0.9979519844055176,-0.9829574823379517,23
0.9849059581756592,-1.0171191692352295,24
1.0048301219940186,-0.9984300136566162,25
0.9974656701087952,-0.9991788268089294,26
0.99583899974823,-0.9885924458503723,27
0.9996925592422485,-0.9985421299934387,28
1.0057454109191895,-0.9881806969642639,29
1.0006436109542847,-0.9923973679542542,30
1.00496506690979,-1.0094937086105347,31
1.0106483697891235,-0.9913918375968933,32
1.0038104057312012,-1.0093084573745728,33
0.9879153370857239,-1.0078742504119873,34
1.0023125410079956,-1.0120370388031006,35
1.0127609968185425,-0.9905160665512085,36
1.0128880739212036,-0.9939494729042053,37
0.9861004948616028,-1.0009911060333252,38
1.004588007926941,-1.0061488151550293,39
1.0018693208694458,-0.9962791800498962,40
0.9921506643295288,-1.0111263990402222,41
1.0115594863891602,-0.988177478313446,42
0.9902759790420532,-1.0039781332015991,43
0.9832801222801208,-0.9871669411659241,44
1.0000649690628052,-1.0225002765655518,45
0.9870017766952515,-0.9962283372879028,46
0.993090033531189,-1.001731038093567,47
1.0025880336761475,-1.0021406412124634,48
0.9897940158843994,-1.0040578842163086,49
1.003353238105774,-0.9917051196098328,50
1.0148050785064697,-0.9970399737358093,51
1.011858582496643,-1.0005148649215698,52
1.0069307088851929,-1.004723310470581,53
1.0174479484558105,-1.0076864957809448,54
0.9964830875396729,-1.0208994150161743,55
0.9924018979072571,-1.0099356174468994,56
1.0145645141601562,-0.9907351732254028,57
