a_vel X,a_vel Y,a_vel Z,t
-1.877984881401062,-3.9854233264923096,2.3390562534332275,0
1.0845752954483032,-0.8940277695655823,-0.006776253692805767,1
1.1213825941085815,-0.25870460271835327,0.283674418926239,2
1.517643690109253,-0.7251676917076111,0.5287001729011536,3
1.5771136283874512,-0.907370924949646,0.7926849126815796,4
1.925279140472412,-1.6667320728302002,0.9598004817962646,5
1.7427688837051392,-2.3485164642333984,1.3131808042526245,6
1.5175846815109253,-2.778942823410034,1.6137194633483887,7
0.9438734650611877,-3.285845994949341,2.0947983264923096,8
