a_vel X,a_vel Y,a_vel Z,t
-0.13158713281154633,0.2851318120956421,4.197117805480957,0
1.129733681678772,-0.8980752825737,-0.1568700522184372,1
1.358959674835205,-0.4990473687648773,0.12209363281726837,2
1.4108176231384277,-0.10676544159650803,0.3656017780303955,3
1.3046324253082275,-0.01703515648841858,0.7201383113861084,4
1.4630519151687622,-0.6017481684684753,1.0442250967025757,5
1.384549856185913,-1.0476609468460083,1.232749581336975,6
1.6571071147918701,-2.202505350112915,1.4123549461364746,7
1.704865574836731,-3.6214067935943604,1.7103058099746704,8
