l_vel X,l_vel Y,l_vel Z,t
-0.21464867889881134,-0.3909793198108673,0.6608260869979858,0
0.012102898210287094,0.0019220559624955058,0.08436485379934311,1
0.01688174158334732,-0.0037788881454616785,0.15489783883094788,2
0.021897725760936737,-0.015202688984572887,0.23091526329517365,3
0.022801218554377556,-0.03533557057380676,0.3041912317276001,4
0.020085478201508522,-0.06318763643503189,0.3735125660896301,5
0.009783959947526455,-0.10090626031160355,0.43096181750297546,6
-0.012662077322602272,-0.14948198199272156,0.49338656663894653,7
-0.046865466982126236,-0.2061614841222763,0.5468849539756775,8
