l_vel X,l_vel Y,l_vel Z,t
-0.6657604575157166,-0.008925219997763634,-0.21638645231723785,0
0.012238230556249619,0.001984830480068922,0.08449914306402206,1
0.017166687175631523,-0.0038068084977567196,0.15657690167427063,2
0.019713427871465683,-0.016856800764799118,0.2216522991657257,3
0.022384071722626686,-0.03713637962937355,0.2820741534233093,4
0.026026561856269836,-0.06441342085599899,0.3479045331478119,5
0.02736201323568821,-0.0985998809337616,0.40419837832450867,6
0.02478446252644062,-0.14080779254436493,0.4689256548881531,7
0.011956240981817245,-0.19310757517814636,0.5361923575401306,8
