moment X,moment Y,moment Z,t
0.0012128341477364302,-0.0009134479914791882,-0.00027773596229963005,0
0.00022587559942621738,0.00043587980326265097,0.0004743408353533596,1
5.068786413175985e-05,0.0004745671176351607,0.0003824126033578068,2
-6.073765325709246e-05,0.00015195281594060361,0.0006298692896962166,3
0.00011936791270272806,-0.000572828808799386,0.0006725137354806066,4
-6.027363269822672e-05,-0.00040967747918330133,0.0004319574509281665,5
0.00019395268463995308,-0.0012028414057567716,0.0006233794265426695,6
-0.00014379866479430348,-0.0014799084747210145,0.0010042485082522035,7
-0.00101751321926713,-0.000402080244384706,0.0015044144820421934,8
