moment X,moment Y,moment Z,t
0.0011640326119959354,-0.0009098264272324741,-1.1594239367695991e-05,0
2.186469646403566e-05,0.000690698332618922,0.0004963042447343469,1
0.00041919134673662484,-0.0004464013909455389,0.0004426162631716579,2
0.00010246627061860636,-0.00014883741096127778,0.0004965807893313468,3
0.0002832332975231111,-0.000818811182398349,0.00040427051135338843,4
-0.00015297465142793953,-0.0006032538949511945,0.0008200141019187868,5
-0.00029194861417636275,-0.0003869050706271082,0.0007039945339784026,6
-0.0006552319973707199,-0.0004033540899399668,0.0011932449415326118,7
-0.0010128425201401114,-0.00023816009343136102,0.0014872882748022676,8
