pos X,pos Y,pos Z,t
0.0,0.0,1.0,0
0.0001863461366156116,3.4259766835020855e-05,1.0012667179107666,1
0.0005096232634969056,-3.845717401418369e-06,1.0040374994277954,2
0.0008935450459830463,-0.00026821045321412385,1.0081449747085571,3
0.0013282151194289327,-0.0008996600518003106,1.0134845972061157,4
0.0018326295539736748,-0.0020429848227649927,1.0201137065887451,5
0.0023779687471687794,-0.003835933282971382,1.0279165506362915,6
0.002895765472203493,-0.006430554203689098,1.0369715690612793,7
0.0032195148523896933,-0.01002190075814724,1.0473586320877075,8
