pos X,pos Y,pos Z,t
0.0,0.0,1.0,0
0.00018435159290675074,3.308196028228849e-05,1.0012648105621338,1
0.0005016645882278681,-5.983145456411876e-06,1.0040099620819092,2
0.0009180141496472061,-0.0002452357148285955,1.0082478523254395,3
0.0013745772885158658,-0.0008396830526180565,1.013965129852295,4
0.0017989407060667872,-0.001953258877620101,1.0210886001586914,5
0.0020592950750142336,-0.0037720324471592903,1.0294208526611328,6
0.0019324253080412745,-0.006506806239485741,1.0389777421951294,7
0.001185484230518341,-0.010339603759348392,1.049649953842163,8
