T1_change,T2_change,T3_change,T4_change,t
0.10135092586278915,0.07521240413188934,0.11961988359689713,0.09946908056735992,0
-0.021981775760650635,0.03706759214401245,-0.04896833002567291,0.017328426241874695,1
0.002053596079349518,-0.0042420849204063416,0.0012798532843589783,-0.0077458396553993225,2
-0.014838263392448425,0.01012352854013443,-0.008385978639125824,0.007895015180110931,3
-0.006772857159376144,0.002227604389190674,0.007722772657871246,0.005829721689224243,4
0.008791755884885788,-0.011089697480201721,0.005528733134269714,-0.014682531356811523,5
-0.012408718466758728,0.008932486176490784,0.003454558551311493,0.0140170156955719,6
-0.01682281866669655,0.021064460277557373,-0.011281482875347137,0.014309436082839966,7
-0.01831301674246788,0.021326348185539246,-0.03986957669258118,0.003852054476737976,8
