T1_change,T2_change,T3_change,T4_change,t
0.09025198966264725,0.08674374222755432,0.10844852030277252,0.11002439260482788,0
-0.009780339896678925,0.027960970997810364,-0.041790835559368134,0.0051176100969314575,1
-0.006978258490562439,-0.004054524004459381,0.01576373726129532,0.0038920119404792786,2
0.00015654414892196655,0.004845187067985535,-0.005794741213321686,-0.0014893114566802979,3
-0.003804720938205719,-0.006605163216590881,0.009594760835170746,-0.002989828586578369,4
-0.01856747269630432,0.018284328281879425,-0.022878624498844147,0.009560175240039825,5
0.009926661849021912,-0.0005153864622116089,0.00559968501329422,-0.0032948702573776245,6
-0.022246968001127243,0.022321224212646484,-0.021917983889579773,0.015055567026138306,7
-0.012619663029909134,0.013808101415634155,-0.015923544764518738,0.006655886769294739,8
