total thrust f,t
0.39565229415893555,0
0.37909820675849915,1
0.370443731546402,2
0.3652380406856537,3
0.374245285987854,4
0.36279353499412537,5
0.3767888844013214,6
0.38405847549438477,7
0.35105428099632263,8
