total thrust f,t
0.40166333317756653,0
0.36062443256378174,1
0.3762529492378235,2
0.38399869203567505,3
0.37601542472839355,4
0.3547446131706238,5
0.3878265917301178,6
0.358543336391449,7
0.369351327419281,8
0.3630935549736023,9
0.3678476810455322,10
