total thrust f,t
0.39477741718292236,0
0.3691084086894989,1
0.38153111934661865,2
0.3735274374485016,3
0.3725089728832245,4
0.35908105969429016,5
0.37784597277641296,6
0.3759394586086273,7
0.3664328157901764,8
0.3637773096561432,9
0.3817281424999237,10
