total thrust f,t
0.39546865224838257,0
0.37697604298591614,1
0.3855990171432495,2
0.38331669569015503,3
0.3795117437839508,4
0.365910142660141,5
0.3776262402534485,6
0.37083807587623596,7
0.3627588748931885,8
