wind vel X,wind vel Y,t
1.5097622871398926,0.016373692080378532,0
1.4813563823699951,-0.008549452759325504,1
1.50681734085083,-0.006297554355114698,2
1.5080419778823853,-0.002471243031322956,3
1.481162428855896,-0.014362595044076443,4
1.504784345626831,-0.009151102975010872,5
1.4846453666687012,-0.004922020249068737,6
1.5074087381362915,0.008769717067480087,7
1.4953416585922241,0.008497199974954128,8
