drag X,drag Y,drag Z,X_n,Y_n,Z_n,t
0.015097622759640217,0.0001637369132367894,-0.0,0.0014683738118037581,0.006004131864756346,-0.0017398044001311064,0
0.014678817242383957,-8.692707342561334e-05,-0.0010395717108622193,0.014079811051487923,0.004329929128289223,0.0019473624415695667,1
0.014852319844067097,-8.055261423578486e-05,-0.001939135487191379,0.013538292609155178,0.0031066795345395803,-0.005414620041847229,2
0.014812023378908634,-9.352936467621475e-05,-0.0026535040233284235,0.015201393514871597,-0.0008950548944994807,-0.003784323111176491,3
0.014496952295303345,-0.0003124862560071051,-0.003248475957661867,0.01652725413441658,-0.00016757490811869502,0.0005943439900875092,4
0.014645521529018879,-0.00045510492054745555,-0.004047616850584745,0.01648830994963646,0.00043069402454420924,-0.00934125017374754,5
0.014332454651594162,-0.0006284163682721555,-0.004875291604548693,0.01427836250513792,0.0010420058388262987,-0.0025444806087762117,6
0.01435372419655323,-0.000830208184197545,-0.006109442561864853,0.013319391757249832,0.0037961285561323166,0.0016530551947653294,7
0.013848822563886642,-0.0012571882689371705,-0.007712812162935734,0.017197459936141968,-0.0020917148794978857,-0.004360609222203493,8
