wind vel X,wind vel Y,t
1.4924545288085938,0.016812996938824654,0
1.5097492933273315,0.011009630747139454,1
1.4942200183868408,-0.0003227130218874663,2
1.5131176710128784,-0.005371097940951586,3
1.4870747327804565,0.006761864759027958,4
1.4991562366485596,-0.009349849075078964,5
1.5145326852798462,-0.00815494079142809,6
1.5012294054031372,0.0004991178284399211,7
1.5001599788665771,0.00068483134964481,8
