wind vel X,wind vel Y,t
1.504797339439392,-0.007733970880508423,0
1.4903318881988525,-0.012524973601102829,1
1.492148756980896,0.010382384993135929,2
1.5226552486419678,-0.025017406791448593,3
1.512599229812622,-0.004220795817673206,4
1.5087777376174927,0.0020801997743546963,5
1.5116970539093018,-0.011618929915130138,6
1.5149447917938232,0.006352057680487633,7
1.5141289234161377,0.007043225225061178,8
1.4946340322494507,-0.0011907919542863965,9
1.4880844354629517,-0.0011151216458529234,10
