drag X,drag Y,drag Z,X_n,Y_n,Z_n,t
0.014924544841051102,0.00016812996182125062,-0.0,0.0007322734454646707,-0.004753949586302042,0.0036073133815079927,0
0.014963896945118904,7.687057950533926e-05,-0.00104418583214283,0.02114158123731613,0.005296529736369848,0.002711484208703041,1
0.014736548066139221,-9.194771701004356e-05,-0.001865222817286849,0.012342743575572968,-0.00010447866225149482,0.00396157568320632,2
0.014825302176177502,-0.000270830059889704,-0.002802252070978284,0.01929476298391819,0.007847913540899754,0.00046529131941497326,3
0.01447220053523779,-0.00032354643917642534,-0.0037803195882588625,0.010450439527630806,0.0034646568819880486,-0.004210423678159714,4
0.014441858045756817,-0.0007332731038331985,-0.00488887308165431,0.011859476566314697,-0.0032323591876775026,-0.0035084318369627,5
0.01440196018666029,-0.0010453095892444253,-0.006111531518399715,0.01407185010612011,0.0015855184756219387,-0.008103596977889538,6
0.014059203676879406,-0.0013348881620913744,-0.007505737245082855,0.01339627057313919,-0.0007937647169455886,-0.005286555737257004,7
0.013780548237264156,-0.0017917993245646358,-0.008966689929366112,0.017574289813637733,-0.0024671736173331738,-0.0043547190725803375,8
