wind vel X,wind vel Y,t
1.4808372259140015,-0.006726846098899841,0
1.4861239194869995,-0.009972194209694862,1
1.5042469501495361,-0.008543449454009533,2
1.5018771886825562,-0.013959829695522785,3
1.5055639743804932,0.004912782460451126,4
1.49990713596344,0.0005590653163380921,5
1.5211101770401,-0.0045845177955925465,6
1.5034184455871582,0.02032267302274704,7
1.4823371171951294,-0.004430971574038267,8
1.4900892972946167,0.00796141941100359,9
1.5027391910552979,-0.009604404680430889,10
