wind vel X,wind vel Y,t
1.5114001035690308,-0.003283753991127014,0
1.5043987035751343,0.0029606802854686975,1
1.4936254024505615,0.0021251626312732697,2
1.4897091388702393,0.0002721105411183089,3
1.4926488399505615,0.007517329417169094,4
1.5056878328323364,-0.014375452883541584,5
1.5026408433914185,-0.008204781450331211,6
1.500590205192566,0.0051694936119019985,7
1.499325156211853,-0.0054970658384263515,8
1.4880475997924805,0.0001188004607683979,9
1.4931164979934692,0.010663730092346668,10
1.5107485055923462,0.0020649596117436886,11
1.494057536125183,0.004354347940534353,12
1.5041351318359375,0.00656187953427434,13
1.4969028234481812,-0.01733778975903988,14
1.5052241086959839,0.013272725045681,15
1.5080748796463013,0.004553911741822958,16
1.5139628648757935,-0.009728171862661839,17
1.506348729133606,-0.004806393291801214,18
1.4895812273025513,0.0043012541718780994,19
1.5013651847839355,-0.005976790562272072,20
1.489254355430603,0.00296026305295527,21
1.493373155593872,0.0013917020987719297,22
1.4973222017288208,-0.003165418980643153,23
1.487817645072937,0.009840010665357113,24
1.5192816257476807,0.017343727871775627,25
1.502392053604126,-0.004099191632121801,26
1.5008580684661865,0.011693635955452919,27
1.5119209289550781,-0.0211198627948761,28
1.5048871040344238,0.013185761868953705,29
1.4792327880859375,0.019374271854758263,30
1.5060230493545532,0.009360278025269508,31
1.4972548484802246,0.005991240497678518,32
1.501139521598816,0.004719085060060024,33
1.509560465812683,-0.006790360435843468,34
1.4791269302368164,-0.011326595209538937,35
1.491707682609558,-0.008230911567807198,36
1.5025722980499268,0.008123437874019146,37
1.4976269006729126,-0.001665347721427679,38
1.5044772624969482,0.0016388980438932776,39
1.4882276058197021,0.003612552536651492,40
1.5170457363128662,0.0065116435289382935,41
1.504878282546997,-0.0004312907112762332,42
1.5063426494598389,-0.004722681362181902,43
1.4899483919143677,-0.016371309757232666,44
1.4999465942382812,0.005590011831372976,45
1.5123382806777954,-0.008265062235295773,46
1.5003257989883423,-0.023857178166508675,47
1.4973751306533813,0.005642448086291552,48
1.5063939094543457,-0.011704700067639351,49
1.5025829076766968,-0.004277828615158796,50
1.4885728359222412,-0.012769986875355244,51
1.5064635276794434,0.010768317617475986,52
